{"max": [3.048, 0.762, 3.048], "centroid": [1.5239995526315797, 0.5293894736842107, 1.5239995526315797], "id": "fd57354b70d416386086aaeef17e8c87", "numVertices": 76, "min": [0.0, 0.0, 0.0]}
