{"max": [2.0574, 0.762, 0.0], "centroid": [1.0286790814153832, 0.3733800000000006, -0.5080207372461537], "id": "fe0ac2e334ad4d844fb315ce917a9ec2", "numVertices": 260, "min": [0.0, 0.0, -1.016]}
